"No.","Channel Name","Receive Frequency","Transmit Frequency","Channel Type","Transmit Power","Band Width","CTCSS/DCS Decode","CTCSS/DCS Encode","Contact","Contact Call Type","Contact TG/DMR ID","Radio ID","Busy Lock/TX Permit","Squelch Mode","Optional Signal","DTMF ID","2Tone ID","5Tone ID","PTT ID","Color Code","Slot","Scan List","Receive Group List","PTT Prohibit","Reverse","Simplex TDMA","Slot Suit","AES Digital Encryption","Digital Encryption","Call Confirmation","Talk Around(Simplex)","Work Alone","Custom CTCSS","2TONE Decode","Ranging","Through Mode","APRS RX","Analog APRS PTT Mode","Digital APRS PTT Mode","APRS Report Type","Digital APRS Report Channel","Correct Frequency[Hz]","SMS Confirmation","Exclude channel from roaming","DMR MODE","DataACK Disable","R5toneBot","R5ToneEot","Auto Scan","Ana Aprs Mute","Send Talker Alias"
"1","Port Coquitlam","443.1000","448.1000","A-Analog","Turbo","25K","Off","94.8","Contact1","Group Call","12345678","My Radio","Off","Carrier","Off","1","1","1","Off","1","1","None","Group List 1","Off","Off","Off","Off","Normal Encryption","Off","Off","Off","Off","131.8","1","Off","Off","Off","Off","Off","Off","1",0,"Off","0","1","1","0","0","0","0","0"
"2","Coquitlam","145.3100","144.7100","A-Analog","Turbo","25K","Off","127.3","Contact1","Group Call","12345678","My Radio","Off","Carrier","Off","1","1","1","Off","1","1","None","Group List 1","Off","Off","Off","Off","Normal Encryption","Off","Off","Off","Off","131.8","1","Off","Off","Off","Off","Off","Off","1",0,"Off","0","1","1","0","0","0","0","0"
"3","Abbotsford","145.0300","145.6300","A-Analog","Turbo","25K","Off","","Contact1","Group Call","12345678","My Radio","Off","Carrier","Off","1","1","1","Off","1","1","None","Group List 1","Off","Off","Off","Off","Normal Encryption","Off","Off","Off","Off","131.8","1","Off","Off","Off","Off","Off","Off","1",0,"Off","0","1","1","0","0","0","0","0"
"4","Abbotsford","146.6100","146.0100","A-Analog","Turbo","25K","Off","110.9","Contact1","Group Call","12345678","My Radio","Off","Carrier","Off","1","1","1","Off","1","1","None","Group List 1","Off","Off","Off","Off","Normal Encryption","Off","Off","Off","Off","131.8","1","Off","Off","Off","Off","Off","Off","1",0,"Off","0","1","1","0","0","0","0","0"
"5","Vancouver","145.2700","144.6700","A-Analog","Turbo","25K","Off","100.0","Contact1","Group Call","12345678","My Radio","Off","Carrier","Off","1","1","1","Off","1","1","None","Group List 1","Off","Off","Off","Off","Normal Encryption","Off","Off","Off","Off","131.8","1","Off","Off","Off","Off","Off","Off","1",0,"Off","0","1","1","0","0","0","0","0"
"6","Burnaby","442.8500","447.8500","A-Analog","Turbo","25K","Off","","Contact1","Group Call","12345678","My Radio","Off","Carrier","Off","1","1","1","Off","1","1","None","Group List 1","Off","Off","Off","Off","Normal Encryption","Off","Off","Off","Off","131.8","1","Off","Off","Off","Off","Off","Off","1",0,"Off","0","1","1","0","0","0","0","0"
"7","Vancouver","147.0400","147.6400","A-Analog","Turbo","25K","Off","","Contact1","Group Call","12345678","My Radio","Off","Carrier","Off","1","1","1","Off","1","1","None","Group List 1","Off","Off","Off","Off","Normal Encryption","Off","Off","Off","Off","131.8","1","Off","Off","Off","Off","Off","Off","1",0,"Off","0","1","1","0","0","0","0","0"
"8","Vancouver","444.0750","449.0750","A-Analog","Turbo","25K","Off","","Contact1","Group Call","12345678","My Radio","Off","Carrier","Off","1","1","1","Off","1","1","None","Group List 1","Off","Off","Off","Off","Normal Encryption","Off","Off","Off","Off","131.8","1","Off","Off","Off","Off","Off","Off","1",0,"Off","0","1","1","0","0","0","0","0"
"9","Vancouver","442.2250","447.2250","A-Analog","Turbo","25K","Off","88.5","Contact1","Group Call","12345678","My Radio","Off","Carrier","Off","1","1","1","Off","1","1","None","Group List 1","Off","Off","Off","Off","Normal Encryption","Off","Off","Off","Off","131.8","1","Off","Off","Off","Off","Off","Off","1",0,"Off","0","1","1","0","0","0","0","0"
"10","Burnaby","147.0600","147.6600","A-Analog","Turbo","25K","Off","","Contact1","Group Call","12345678","My Radio","Off","Carrier","Off","1","1","1","Off","1","1","None","Group List 1","Off","Off","Off","Off","Normal Encryption","Off","Off","Off","Off","131.8","1","Off","Off","Off","Off","Off","Off","1",0,"Off","0","1","1","0","0","0","0","0"
"11","Vancouver","444.4750","449.4750","A-Analog","Turbo","25K","Off","","Contact1","Group Call","12345678","My Radio","Off","Carrier","Off","1","1","1","Off","1","1","None","Group List 1","Off","Off","Off","Off","Normal Encryption","Off","Off","Off","Off","131.8","1","Off","Off","Off","Off","Off","Off","1",0,"Off","0","1","1","0","0","0","0","0"
"12","Salt Spring Island","444.5500","449.5500","A-Analog","Turbo","25K","Off","103.5","Contact1","Group Call","12345678","My Radio","Off","Carrier","Off","1","1","1","Off","1","1","None","Group List 1","Off","Off","Off","Off","Normal Encryption","Off","Off","Off","Off","131.8","1","Off","Off","Off","Off","Off","Off","1",0,"Off","0","1","1","0","0","0","0","0"
"13","Salt Spring Island","147.3200","147.9200","A-Analog","Turbo","25K","Off","88.5","Contact1","Group Call","12345678","My Radio","Off","Carrier","Off","1","1","1","Off","1","1","None","Group List 1","Off","Off","Off","Off","Normal Encryption","Off","Off","Off","Off","131.8","1","Off","Off","Off","Off","Off","Off","1",0,"Off","0","1","1","0","0","0","0","0"
"14","Vancouver","145.2100","144.6100","A-Analog","Turbo","25K","Off","","Contact1","Group Call","12345678","My Radio","Off","Carrier","Off","1","1","1","Off","1","1","None","Group List 1","Off","Off","Off","Off","Normal Encryption","Off","Off","Off","Off","131.8","1","Off","Off","Off","Off","Off","Off","1",0,"Off","0","1","1","0","0","0","0","0"
"15","Vancouver","444.1000","449.1000","A-Analog","Turbo","25K","Off","100.0","Contact1","Group Call","12345678","My Radio","Off","Carrier","Off","1","1","1","Off","1","1","None","Group List 1","Off","Off","Off","Off","Normal Encryption","Off","Off","Off","Off","131.8","1","Off","Off","Off","Off","Off","Off","1",0,"Off","0","1","1","0","0","0","0","0"
"16","Vancouver","444.1750","449.1750","A-Analog","Turbo","25K","Off","156.7","Contact1","Group Call","12345678","My Radio","Off","Carrier","Off","1","1","1","Off","1","1","None","Group List 1","Off","Off","Off","Off","Normal Encryption","Off","Off","Off","Off","131.8","1","Off","Off","Off","Off","Off","Off","1",0,"Off","0","1","1","0","0","0","0","0"
"17","Vancouver","147.3000","147.9000","A-Analog","Turbo","25K","Off","100.0","Contact1","Group Call","12345678","My Radio","Off","Carrier","Off","1","1","1","Off","1","1","None","Group List 1","Off","Off","Off","Off","Normal Encryption","Off","Off","Off","Off","131.8","1","Off","Off","Off","Off","Off","Off","1",0,"Off","0","1","1","0","0","0","0","0"
"18","North Vancouver","430.9500","439.9500","A-Analog","Turbo","25K","Off","","Contact1","Group Call","12345678","My Radio","Off","Carrier","Off","1","1","1","Off","1","1","None","Group List 1","Off","Off","Off","Off","Normal Encryption","Off","Off","Off","Off","131.8","1","Off","Off","Off","Off","Off","Off","1",0,"Off","0","1","1","0","0","0","0","0"
"19","Abbotsford","430.7500","439.7500","A-Analog","Turbo","25K","Off","","Contact1","Group Call","12345678","My Radio","Off","Carrier","Off","1","1","1","Off","1","1","None","Group List 1","Off","Off","Off","Off","Normal Encryption","Off","Off","Off","Off","131.8","1","Off","Off","Off","Off","Off","Off","1",0,"Off","0","1","1","0","0","0","0","0"
"20","Chilliwack","442.8000","447.8000","A-Analog","Turbo","25K","Off","110.9","Contact1","Group Call","12345678","My Radio","Off","Carrier","Off","1","1","1","Off","1","1","None","Group List 1","Off","Off","Off","Off","Normal Encryption","Off","Off","Off","Off","131.8","1","Off","Off","Off","Off","Off","Off","1",0,"Off","0","1","1","0","0","0","0","0"
"21","Vancouver","442.9500","447.9500","A-Analog","Turbo","25K","Off","114.8","Contact1","Group Call","12345678","My Radio","Off","Carrier","Off","1","1","1","Off","1","1","None","Group List 1","Off","Off","Off","Off","Normal Encryption","Off","Off","Off","Off","131.8","1","Off","Off","Off","Off","Off","Off","1",0,"Off","0","1","1","0","0","0","0","0"
"22","Vancouver","442.5750","447.5750","A-Analog","Turbo","25K","Off","114.8","Contact1","Group Call","12345678","My Radio","Off","Carrier","Off","1","1","1","Off","1","1","None","Group List 1","Off","Off","Off","Off","Normal Encryption","Off","Off","Off","Off","131.8","1","Off","Off","Off","Off","Off","Off","1",0,"Off","0","1","1","0","0","0","0","0"
"23","Salt Spring Is.","146.6600","146.0600","A-Analog","Turbo","25K","Off","100.0","Contact1","Group Call","12345678","My Radio","Off","Carrier","Off","1","1","1","Off","1","1","None","Group List 1","Off","Off","Off","Off","Normal Encryption","Off","Off","Off","Off","131.8","1","Off","Off","Off","Off","Off","Off","1",0,"Off","0","1","1","0","0","0","0","0"
"24","Vancouver","444.8250","449.8250","A-Analog","Turbo","25K","Off","156.7","Contact1","Group Call","12345678","My Radio","Off","Carrier","Off","1","1","1","Off","1","1","None","Group List 1","Off","Off","Off","Off","Normal Encryption","Off","Off","Off","Off","131.8","1","Off","Off","Off","Off","Off","Off","1",0,"Off","0","1","1","0","0","0","0","0"
"25","Burnaby","443.6750","448.6750","A-Analog","Turbo","25K","Off","114.8","Contact1","Group Call","12345678","My Radio","Off","Carrier","Off","1","1","1","Off","1","1","None","Group List 1","Off","Off","Off","Off","Normal Encryption","Off","Off","Off","Off","131.8","1","Off","Off","Off","Off","Off","Off","1",0,"Off","0","1","1","0","0","0","0","0"
"26","Vancouver","443.2000","448.2000","A-Analog","Turbo","25K","Off","","Contact1","Group Call","12345678","My Radio","Off","Carrier","Off","1","1","1","Off","1","1","None","Group List 1","Off","Off","Off","Off","Normal Encryption","Off","Off","Off","Off","131.8","1","Off","Off","Off","Off","Off","Off","1",0,"Off","0","1","1","0","0","0","0","0"
"27","Chilliwack","145.1100","144.5100","A-Analog","Turbo","25K","Off","","Contact1","Group Call","12345678","My Radio","Off","Carrier","Off","1","1","1","Off","1","1","None","Group List 1","Off","Off","Off","Off","Normal Encryption","Off","Off","Off","Off","131.8","1","Off","Off","Off","Off","Off","Off","1",0,"Off","0","1","1","0","0","0","0","0"
"28","Vancouver","443.2750","448.2750","A-Analog","Turbo","25K","Off","","Contact1","Group Call","12345678","My Radio","Off","Carrier","Off","1","1","1","Off","1","1","None","Group List 1","Off","Off","Off","Off","Normal Encryption","Off","Off","Off","Off","131.8","1","Off","Off","Off","Off","Off","Off","1",0,"Off","0","1","1","0","0","0","0","0"
"29","Vancouver","443.2500","448.2500","A-Analog","Turbo","25K","Off","","Contact1","Group Call","12345678","My Radio","Off","Carrier","Off","1","1","1","Off","1","1","None","Group List 1","Off","Off","Off","Off","Normal Encryption","Off","Off","Off","Off","131.8","1","Off","Off","Off","Off","Off","Off","1",0,"Off","0","1","1","0","0","0","0","0"
"30","Burnaby","442.4750","447.4750","A-Analog","Turbo","25K","Off","","Contact1","Group Call","12345678","My Radio","Off","Carrier","Off","1","1","1","Off","1","1","None","Group List 1","Off","Off","Off","Off","Normal Encryption","Off","Off","Off","Off","131.8","1","Off","Off","Off","Off","Off","Off","1",0,"Off","0","1","1","0","0","0","0","0"
"31","Delta","443.5500","448.5500","A-Analog","Turbo","25K","Off","","Contact1","Group Call","12345678","My Radio","Off","Carrier","Off","1","1","1","Off","1","1","None","Group List 1","Off","Off","Off","Off","Normal Encryption","Off","Off","Off","Off","131.8","1","Off","Off","Off","Off","Off","Off","1",0,"Off","0","1","1","0","0","0","0","0"
"32","Burnaby","145.1700","144.5700","A-Analog","Turbo","25K","Off","","Contact1","Group Call","12345678","My Radio","Off","Carrier","Off","1","1","1","Off","1","1","None","Group List 1","Off","Off","Off","Off","Normal Encryption","Off","Off","Off","Off","131.8","1","Off","Off","Off","Off","Off","Off","1",0,"Off","0","1","1","0","0","0","0","0"
"33","Vancouver","442.3250","447.3250","A-Analog","Turbo","25K","Off","100.0","Contact1","Group Call","12345678","My Radio","Off","Carrier","Off","1","1","1","Off","1","1","None","Group List 1","Off","Off","Off","Off","Normal Encryption","Off","Off","Off","Off","131.8","1","Off","Off","Off","Off","Off","Off","1",0,"Off","0","1","1","0","0","0","0","0"
"34","Chilliwack","444.7000","449.7000","A-Analog","Turbo","25K","Off","","Contact1","Group Call","12345678","My Radio","Off","Carrier","Off","1","1","1","Off","1","1","None","Group List 1","Off","Off","Off","Off","Normal Encryption","Off","Off","Off","Off","131.8","1","Off","Off","Off","Off","Off","Off","1",0,"Off","0","1","1","0","0","0","0","0"
"35","Vancouver","444.9500","449.9500","A-Analog","Turbo","25K","Off","","Contact1","Group Call","12345678","My Radio","Off","Carrier","Off","1","1","1","Off","1","1","None","Group List 1","Off","Off","Off","Off","Normal Encryption","Off","Off","Off","Off","131.8","1","Off","Off","Off","Off","Off","Off","1",0,"Off","0","1","1","0","0","0","0","0"
"36","Port Coquitlam","145.4900","144.8900","A-Analog","Turbo","25K","Off","94.8","Contact1","Group Call","12345678","My Radio","Off","Carrier","Off","1","1","1","Off","1","1","None","Group List 1","Off","Off","Off","Off","Normal Encryption","Off","Off","Off","Off","131.8","1","Off","Off","Off","Off","Off","Off","1",0,"Off","0","1","1","0","0","0","0","0"
"37","Vancouver","145.2900","144.6900","A-Analog","Turbo","25K","Off","100.0","Contact1","Group Call","12345678","My Radio","Off","Carrier","Off","1","1","1","Off","1","1","None","Group List 1","Off","Off","Off","Off","Normal Encryption","Off","Off","Off","Off","131.8","1","Off","Off","Off","Off","Off","Off","1",0,"Off","0","1","1","0","0","0","0","0"
"38","Langley","443.9750","448.9750","A-Analog","Turbo","25K","Off","","Contact1","Group Call","12345678","My Radio","Off","Carrier","Off","1","1","1","Off","1","1","None","Group List 1","Off","Off","Off","Off","Normal Encryption","Off","Off","Off","Off","131.8","1","Off","Off","Off","Off","Off","Off","1",0,"Off","0","1","1","0","0","0","0","0"
"39","Vancouver","441.9750","446.9750","A-Analog","Turbo","25K","Off","","Contact1","Group Call","12345678","My Radio","Off","Carrier","Off","1","1","1","Off","1","1","None","Group List 1","Off","Off","Off","Off","Normal Encryption","Off","Off","Off","Off","131.8","1","Off","Off","Off","Off","Off","Off","1",0,"Off","0","1","1","0","0","0","0","0"
"40","Burnaby","145.3500","144.7500","A-Analog","Turbo","25K","Off","127.3","Contact1","Group Call","12345678","My Radio","Off","Carrier","Off","1","1","1","Off","1","1","None","Group List 1","Off","Off","Off","Off","Normal Encryption","Off","Off","Off","Off","131.8","1","Off","Off","Off","Off","Off","Off","1",0,"Off","0","1","1","0","0","0","0","0"
"41","Vancouver","147.0200","147.6200","A-Analog","Turbo","25K","Off","","Contact1","Group Call","12345678","My Radio","Off","Carrier","Off","1","1","1","Off","1","1","None","Group List 1","Off","Off","Off","Off","Normal Encryption","Off","Off","Off","Off","131.8","1","Off","Off","Off","Off","Off","Off","1",0,"Off","0","1","1","0","0","0","0","0"
"42","Vancouver","443.5250","448.5250","A-Analog","Turbo","25K","Off","","Contact1","Group Call","12345678","My Radio","Off","Carrier","Off","1","1","1","Off","1","1","None","Group List 1","Off","Off","Off","Off","Normal Encryption","Off","Off","Off","Off","131.8","1","Off","Off","Off","Off","Off","Off","1",0,"Off","0","1","1","0","0","0","0","0"
"43","Vancouver","443.4000","448.4000","A-Analog","Turbo","25K","Off","","Contact1","Group Call","12345678","My Radio","Off","Carrier","Off","1","1","1","Off","1","1","None","Group List 1","Off","Off","Off","Off","Normal Encryption","Off","Off","Off","Off","131.8","1","Off","Off","Off","Off","Off","Off","1",0,"Off","0","1","1","0","0","0","0","0"
"44","Vancouver","146.9400","146.3400","A-Analog","Turbo","25K","Off","","Contact1","Group Call","12345678","My Radio","Off","Carrier","Off","1","1","1","Off","1","1","None","Group List 1","Off","Off","Off","Off","Normal Encryption","Off","Off","Off","Off","131.8","1","Off","Off","Off","Off","Off","Off","1",0,"Off","0","1","1","0","0","0","0","0"
"45","Langley","146.7800","146.1800","A-Analog","Turbo","25K","Off","","Contact1","Group Call","12345678","My Radio","Off","Carrier","Off","1","1","1","Off","1","1","None","Group List 1","Off","Off","Off","Off","Normal Encryption","Off","Off","Off","Off","131.8","1","Off","Off","Off","Off","Off","Off","1",0,"Off","0","1","1","0","0","0","0","0"
"46","Vancouver","145.1500","144.5500","A-Analog","Turbo","25K","Off","123.0","Contact1","Group Call","12345678","My Radio","Off","Carrier","Off","1","1","1","Off","1","1","None","Group List 1","Off","Off","Off","Off","Normal Encryption","Off","Off","Off","Off","131.8","1","Off","Off","Off","Off","Off","Off","1",0,"Off","0","1","1","0","0","0","0","0"
"47","Vancouver","444.4000","449.4000","A-Analog","Turbo","25K","Off","103.5","Contact1","Group Call","12345678","My Radio","Off","Carrier","Off","1","1","1","Off","1","1","None","Group List 1","Off","Off","Off","Off","Normal Encryption","Off","Off","Off","Off","131.8","1","Off","Off","Off","Off","Off","Off","1",0,"Off","0","1","1","0","0","0","0","0"
"48","Delta","444.4250","449.4250","A-Analog","Turbo","25K","Off","107.2","Contact1","Group Call","12345678","My Radio","Off","Carrier","Off","1","1","1","Off","1","1","None","Group List 1","Off","Off","Off","Off","Normal Encryption","Off","Off","Off","Off","131.8","1","Off","Off","Off","Off","Off","Off","1",0,"Off","0","1","1","0","0","0","0","0"
"49","Burns Lake","147.3600","147.9600","A-Analog","Turbo","25K","Off","100.0","Contact1","Group Call","12345678","My Radio","Off","Carrier","Off","1","1","1","Off","1","1","None","Group List 1","Off","Off","Off","Off","Normal Encryption","Off","Off","Off","Off","131.8","1","Off","Off","Off","Off","Off","Off","1",0,"Off","0","1","1","0","0","0","0","0"
"50","Abbotsford","147.2800","147.8800","A-Analog","Turbo","25K","Off","110.9","Contact1","Group Call","12345678","My Radio","Off","Carrier","Off","1","1","1","Off","1","1","None","Group List 1","Off","Off","Off","Off","Normal Encryption","Off","Off","Off","Off","131.8","1","Off","Off","Off","Off","Off","Off","1",0,"Off","0","1","1","0","0","0","0","0"
"51","Vancouver","444.9750","449.9750","A-Analog","Turbo","25K","Off","","Contact1","Group Call","12345678","My Radio","Off","Carrier","Off","1","1","1","Off","1","1","None","Group List 1","Off","Off","Off","Off","Normal Encryption","Off","Off","Off","Off","131.8","1","Off","Off","Off","Off","Off","Off","1",0,"Off","0","1","1","0","0","0","0","0"
"52","Langley","441.3750","446.3750","A-Analog","Turbo","25K","Off","","Contact1","Group Call","12345678","My Radio","Off","Carrier","Off","1","1","1","Off","1","1","None","Group List 1","Off","Off","Off","Off","Normal Encryption","Off","Off","Off","Off","131.8","1","Off","Off","Off","Off","Off","Off","1",0,"Off","0","1","1","0","0","0","0","0"
"53","Vancouver","443.8000","448.8000","A-Analog","Turbo","25K","Off","","Contact1","Group Call","12345678","My Radio","Off","Carrier","Off","1","1","1","Off","1","1","None","Group List 1","Off","Off","Off","Off","Normal Encryption","Off","Off","Off","Off","131.8","1","Off","Off","Off","Off","Off","Off","1",0,"Off","0","1","1","0","0","0","0","0"
"54","Richmond","147.1400","147.7400","A-Analog","Turbo","25K","Off","79.7","Contact1","Group Call","12345678","My Radio","Off","Carrier","Off","1","1","1","Off","1","1","None","Group List 1","Off","Off","Off","Off","Normal Encryption","Off","Off","Off","Off","131.8","1","Off","Off","Off","Off","Off","Off","1",0,"Off","0","1","1","0","0","0","0","0"
"55","Abbotsford","442.0250","447.0250","A-Analog","Turbo","25K","Off","110.9","Contact1","Group Call","12345678","My Radio","Off","Carrier","Off","1","1","1","Off","1","1","None","Group List 1","Off","Off","Off","Off","Normal Encryption","Off","Off","Off","Off","131.8","1","Off","Off","Off","Off","Off","Off","1",0,"Off","0","1","1","0","0","0","0","0"
"56","Burnaby","442.2000","447.2000","A-Analog","Turbo","25K","Off","110.9","Contact1","Group Call","12345678","My Radio","Off","Carrier","Off","1","1","1","Off","1","1","None","Group List 1","Off","Off","Off","Off","Normal Encryption","Off","Off","Off","Off","131.8","1","Off","Off","Off","Off","Off","Off","1",0,"Off","0","1","1","0","0","0","0","0"
"57","Richmond","442.3750","447.3750","A-Analog","Turbo","25K","Off","203.5","Contact1","Group Call","12345678","My Radio","Off","Carrier","Off","1","1","1","Off","1","1","None","Group List 1","Off","Off","Off","Off","Normal Encryption","Off","Off","Off","Off","131.8","1","Off","Off","Off","Off","Off","Off","1",0,"Off","0","1","1","0","0","0","0","0"
"58","Delta","147.3400","147.9400","A-Analog","Turbo","25K","Off","107.2","Contact1","Group Call","12345678","My Radio","Off","Carrier","Off","1","1","1","Off","1","1","None","Group List 1","Off","Off","Off","Off","Normal Encryption","Off","Off","Off","Off","131.8","1","Off","Off","Off","Off","Off","Off","1",0,"Off","0","1","1","0","0","0","0","0"
"59","Survey Mountain","444.9250","449.9250","A-Analog","Turbo","25K","Off","100.0","Contact1","Group Call","12345678","My Radio","Off","Carrier","Off","1","1","1","Off","1","1","None","Group List 1","Off","Off","Off","Off","Normal Encryption","Off","Off","Off","Off","131.8","1","Off","Off","Off","Off","Off","Off","1",0,"Off","0","1","1","0","0","0","0","0"
"60","Chilliwack","146.9600","146.3600","A-Analog","Turbo","25K","Off","110.9","Contact1","Group Call","12345678","My Radio","Off","Carrier","Off","1","1","1","Off","1","1","None","Group List 1","Off","Off","Off","Off","Normal Encryption","Off","Off","Off","Off","131.8","1","Off","Off","Off","Off","Off","Off","1",0,"Off","0","1","1","0","0","0","0","0"
"61","Chilliwack","147.1000","147.7000","A-Analog","Turbo","25K","Off","110.9","Contact1","Group Call","12345678","My Radio","Off","Carrier","Off","1","1","1","Off","1","1","None","Group List 1","Off","Off","Off","Off","Normal Encryption","Off","Off","Off","Off","131.8","1","Off","Off","Off","Off","Off","Off","1",0,"Off","0","1","1","0","0","0","0","0"
"62","Coquihalla","146.9800","146.3800","A-Analog","Turbo","25K","Off","123.0","Contact1","Group Call","12345678","My Radio","Off","Carrier","Off","1","1","1","Off","1","1","None","Group List 1","Off","Off","Off","Off","Normal Encryption","Off","Off","Off","Off","131.8","1","Off","Off","Off","Off","Off","Off","1",0,"Off","0","1","1","0","0","0","0","0"
"63","Langley South","147.3800","147.9800","A-Analog","Turbo","25K","Off","77.0","Contact1","Group Call","12345678","My Radio","Off","Carrier","Off","1","1","1","Off","1","1","None","Group List 1","Off","Off","Off","Off","Normal Encryption","Off","Off","Off","Off","131.8","1","Off","Off","Off","Off","Off","Off","1",0,"Off","0","1","1","0","0","0","0","0"
"64","Langley North","147.3800","147.9800","A-Analog","Turbo","25K","Off","110.9","Contact1","Group Call","12345678","My Radio","Off","Carrier","Off","1","1","1","Off","1","1","None","Group List 1","Off","Off","Off","Off","Normal Encryption","Off","Off","Off","Off","131.8","1","Off","Off","Off","Off","Off","Off","1",0,"Off","0","1","1","0","0","0","0","0"
"65","Vancouver","444.0000","449.0000","A-Analog","Turbo","25K","Off","156.7","Contact1","Group Call","12345678","My Radio","Off","Carrier","Off","1","1","1","Off","1","1","None","Group List 1","Off","Off","Off","Off","Normal Encryption","Off","Off","Off","Off","131.8","1","Off","Off","Off","Off","Off","Off","1",0,"Off","0","1","1","0","0","0","0","0"
"66","Vancouver","147.1200","147.7200","A-Analog","Turbo","25K","Off","156.7","Contact1","Group Call","12345678","My Radio","Off","Carrier","Off","1","1","1","Off","1","1","None","Group List 1","Off","Off","Off","Off","Normal Encryption","Off","Off","Off","Off","131.8","1","Off","Off","Off","Off","Off","Off","1",0,"Off","0","1","1","0","0","0","0","0"
"67","Langley","444.1250","449.1250","A-Analog","Turbo","25K","Off","127.3","Contact1","Group Call","12345678","My Radio","Off","Carrier","Off","1","1","1","Off","1","1","None","Group List 1","Off","Off","Off","Off","Normal Encryption","Off","Off","Off","Off","131.8","1","Off","Off","Off","Off","Off","Off","1",0,"Off","0","1","1","0","0","0","0","0"
"68","Surrey","443.7750","448.7750","A-Analog","Turbo","25K","Off","110.9","Contact1","Group Call","12345678","My Radio","Off","Carrier","Off","1","1","1","Off","1","1","None","Group List 1","Off","Off","Off","Off","Normal Encryption","Off","Off","Off","Off","131.8","1","Off","Off","Off","Off","Off","Off","1",0,"Off","0","1","1","0","0","0","0","0"
"69","Surrey","147.3600","147.9600","A-Analog","Turbo","25K","Off","110.9","Contact1","Group Call","12345678","My Radio","Off","Carrier","Off","1","1","1","Off","1","1","None","Group List 1","Off","Off","Off","Off","Normal Encryption","Off","Off","Off","Off","131.8","1","Off","Off","Off","Off","Off","Off","1",0,"Off","0","1","1","0","0","0","0","0"
"70","Vancouver","443.1500","448.1500","A-Analog","Turbo","25K","Off","127.3","Contact1","Group Call","12345678","My Radio","Off","Carrier","Off","1","1","1","Off","1","1","None","Group List 1","Off","Off","Off","Off","Normal Encryption","Off","Off","Off","Off","131.8","1","Off","Off","Off","Off","Off","Off","1",0,"Off","0","1","1","0","0","0","0","0"
"71","Delta","443.3500","448.3500","A-Analog","Turbo","25K","Off","127.3","Contact1","Group Call","12345678","My Radio","Off","Carrier","Off","1","1","1","Off","1","1","None","Group List 1","Off","Off","Off","Off","Normal Encryption","Off","Off","Off","Off","131.8","1","Off","Off","Off","Off","Off","Off","1",0,"Off","0","1","1","0","0","0","0","0"
"72","Chilliwack","146.8600","146.2600","A-Analog","Turbo","25K","Off","88.5","Contact1","Group Call","12345678","My Radio","Off","Carrier","Off","1","1","1","Off","1","1","None","Group List 1","Off","Off","Off","Off","Normal Encryption","Off","Off","Off","Off","131.8","1","Off","Off","Off","Off","Off","Off","1",0,"Off","0","1","1","0","0","0","0","0"
"73","Burnaby","442.8750","447.8750","A-Analog","Turbo","25K","Off","","Contact1","Group Call","12345678","My Radio","Off","Carrier","Off","1","1","1","Off","1","1","None","Group List 1","Off","Off","Off","Off","Normal Encryption","Off","Off","Off","Off","131.8","1","Off","Off","Off","Off","Off","Off","1",0,"Off","0","1","1","0","0","0","0","0"
"74","Vancouver","443.0500","448.0500","A-Analog","Turbo","25K","Off","110.9","Contact1","Group Call","12345678","My Radio","Off","Carrier","Off","1","1","1","Off","1","1","None","Group List 1","Off","Off","Off","Off","Normal Encryption","Off","Off","Off","Off","131.8","1","Off","Off","Off","Off","Off","Off","1",0,"Off","0","1","1","0","0","0","0","0"
"75","Burnaby","442.0500","447.0500","A-Analog","Turbo","25K","Off","156.7","Contact1","Group Call","12345678","My Radio","Off","Carrier","Off","1","1","1","Off","1","1","None","Group List 1","Off","Off","Off","Off","Normal Encryption","Off","Off","Off","Off","131.8","1","Off","Off","Off","Off","Off","Off","1",0,"Off","0","1","1","0","0","0","0","0"
"76","Delta","442.3500","447.3500","A-Analog","Turbo","25K","Off","127.3","Contact1","Group Call","12345678","My Radio","Off","Carrier","Off","1","1","1","Off","1","1","None","Group List 1","Off","Off","Off","Off","Normal Encryption","Off","Off","Off","Off","131.8","1","Off","Off","Off","Off","Off","Off","1",0,"Off","0","1","1","0","0","0","0","0"
"77","Richnomd","442.5000","447.5000","A-Analog","Turbo","25K","Off","100.0","Contact1","Group Call","12345678","My Radio","Off","Carrier","Off","1","1","1","Off","1","1","None","Group List 1","Off","Off","Off","Off","Normal Encryption","Off","Off","Off","Off","131.8","1","Off","Off","Off","Off","Off","Off","1",0,"Off","0","1","1","0","0","0","0","0"
"78","Richmond","440.9000","445.9000","A-Analog","Turbo","25K","Off","79.7","Contact1","Group Call","12345678","My Radio","Off","Carrier","Off","1","1","1","Off","1","1","None","Group List 1","Off","Off","Off","Off","Normal Encryption","Off","Off","Off","Off","131.8","1","Off","Off","Off","Off","Off","Off","1",0,"Off","0","1","1","0","0","0","0","0"
"79","Vancouver","443.7250","448.7250","A-Analog","Turbo","25K","Off","","Contact1","Group Call","12345678","My Radio","Off","Carrier","Off","1","1","1","Off","1","1","None","Group List 1","Off","Off","Off","Off","Normal Encryption","Off","Off","Off","Off","131.8","1","Off","Off","Off","Off","Off","Off","1",0,"Off","0","1","1","0","0","0","0","0"
"80","Vancouver","145.4500","144.8500","A-Analog","Turbo","25K","Off","100.0","Contact1","Group Call","12345678","My Radio","Off","Carrier","Off","1","1","1","Off","1","1","None","Group List 1","Off","Off","Off","Off","Normal Encryption","Off","Off","Off","Off","131.8","1","Off","Off","Off","Off","Off","Off","1",0,"Off","0","1","1","0","0","0","0","0"
"81","Langley","442.6250","447.6250","A-Analog","Turbo","25K","Off","100.0","Contact1","Group Call","12345678","My Radio","Off","Carrier","Off","1","1","1","Off","1","1","None","Group List 1","Off","Off","Off","Off","Normal Encryption","Off","Off","Off","Off","131.8","1","Off","Off","Off","Off","Off","Off","1",0,"Off","0","1","1","0","0","0","0","0"
"82","Salt Spring Island","444.3750","449.3750","A-Analog","Turbo","25K","Off","88.5","Contact1","Group Call","12345678","My Radio","Off","Carrier","Off","1","1","1","Off","1","1","None","Group List 1","Off","Off","Off","Off","Normal Encryption","Off","Off","Off","Off","131.8","1","Off","Off","Off","Off","Off","Off","1",0,"Off","0","1","1","0","0","0","0","0"
"83","Richmond","442.0750","447.0750","A-Analog","Turbo","25K","Off","79.7","Contact1","Group Call","12345678","My Radio","Off","Carrier","Off","1","1","1","Off","1","1","None","Group List 1","Off","Off","Off","Off","Normal Encryption","Off","Off","Off","Off","131.8","1","Off","Off","Off","Off","Off","Off","1",0,"Off","0","1","1","0","0","0","0","0"
"84","Vancouver","442.3000","447.3000","A-Analog","Turbo","25K","Off","","Contact1","Group Call","12345678","My Radio","Off","Carrier","Off","1","1","1","Off","1","1","None","Group List 1","Off","Off","Off","Off","Normal Encryption","Off","Off","Off","Off","131.8","1","Off","Off","Off","Off","Off","Off","1",0,"Off","0","1","1","0","0","0","0","0"
"85","Abbotsford","442.5500","447.5500","A-Analog","Turbo","25K","Off","","Contact1","Group Call","12345678","My Radio","Off","Carrier","Off","1","1","1","Off","1","1","None","Group List 1","Off","Off","Off","Off","Normal Encryption","Off","Off","Off","Off","131.8","1","Off","Off","Off","Off","Off","Off","1",0,"Off","0","1","1","0","0","0","0","0"
"86","Vancouver","147.2600","147.8600","A-Analog","Turbo","25K","Off","","Contact1","Group Call","12345678","My Radio","Off","Carrier","Off","1","1","1","Off","1","1","None","Group List 1","Off","Off","Off","Off","Normal Encryption","Off","Off","Off","Off","131.8","1","Off","Off","Off","Off","Off","Off","1",0,"Off","0","1","1","0","0","0","0","0"
"87","Vancouver","444.6500","449.6500","A-Analog","Turbo","25K","Off","156.7","Contact1","Group Call","12345678","My Radio","Off","Carrier","Off","1","1","1","Off","1","1","None","Group List 1","Off","Off","Off","Off","Normal Encryption","Off","Off","Off","Off","131.8","1","Off","Off","Off","Off","Off","Off","1",0,"Off","0","1","1","0","0","0","0","0"
"88","Langley","147.0000","146.4000","A-Analog","Turbo","25K","Off","110.9","Contact1","Group Call","12345678","My Radio","Off","Carrier","Off","1","1","1","Off","1","1","None","Group List 1","Off","Off","Off","Off","Normal Encryption","Off","Off","Off","Off","131.8","1","Off","Off","Off","Off","Off","Off","1",0,"Off","0","1","1","0","0","0","0","0"
"89","Vancouver","147.2000","147.8000","A-Analog","Turbo","25K","Off","100.0","Contact1","Group Call","12345678","My Radio","Off","Carrier","Off","1","1","1","Off","1","1","None","Group List 1","Off","Off","Off","Off","Normal Encryption","Off","Off","Off","Off","131.8","1","Off","Off","Off","Off","Off","Off","1",0,"Off","0","1","1","0","0","0","0","0"
"90","Coquitlam","440.0125","445.0125","A-Analog","Turbo","25K","Off","103.5","Contact1","Group Call","12345678","My Radio","Off","Carrier","Off","1","1","1","Off","1","1","None","Group List 1","Off","Off","Off","Off","Normal Encryption","Off","Off","Off","Off","131.8","1","Off","Off","Off","Off","Off","Off","1",0,"Off","0","1","1","0","0","0","0","0"
"91","Burnaby","145.3300","144.7300","A-Analog","Turbo","25K","Off","114.8","Contact1","Group Call","12345678","My Radio","Off","Carrier","Off","1","1","1","Off","1","1","None","Group List 1","Off","Off","Off","Off","Normal Encryption","Off","Off","Off","Off","131.8","1","Off","Off","Off","Off","Off","Off","1",0,"Off","0","1","1","0","0","0","0","0"
"92","Surrey south","147.3600","147.9600","A-Analog","Turbo","25K","Off","103.5","Contact1","Group Call","12345678","My Radio","Off","Carrier","Off","1","1","1","Off","1","1","None","Group List 1","Off","Off","Off","Off","Normal Encryption","Off","Off","Off","Off","131.8","1","Off","Off","Off","Off","Off","Off","1",0,"Off","0","1","1","0","0","0","0","0"
"93","Vancouver","442.6750","447.6750","A-Analog","Turbo","25K","Off","103.5","Contact1","Group Call","12345678","My Radio","Off","Carrier","Off","1","1","1","Off","1","1","None","Group List 1","Off","Off","Off","Off","Normal Encryption","Off","Off","Off","Off","131.8","1","Off","Off","Off","Off","Off","Off","1",0,"Off","0","1","1","0","0","0","0","0"
"94","Mission","146.4150","441.6600","A-Analog","Turbo","25K","Off","100.0","Contact1","Group Call","12345678","My Radio","Off","Carrier","Off","1","1","1","Off","1","1","None","Group List 1","Off","Off","Off","Off","Normal Encryption","Off","Off","Off","Off","131.8","1","Off","Off","Off","Off","Off","Off","1",0,"Off","0","1","1","0","0","0","0","0"
"95","Coquitlam","440.0125","445.0125","A-Analog","Turbo","25K","Off","114.8","Contact1","Group Call","12345678","My Radio","Off","Carrier","Off","1","1","1","Off","1","1","None","Group List 1","Off","Off","Off","Off","Normal Encryption","Off","Off","Off","Off","131.8","1","Off","Off","Off","Off","Off","Off","1",0,"Off","0","1","1","0","0","0","0","0"
"96","Mission","441.6600","146.4150","A-Analog","Turbo","25K","Off","100.0","Contact1","Group Call","12345678","My Radio","Off","Carrier","Off","1","1","1","Off","1","1","None","Group List 1","Off","Off","Off","Off","Normal Encryption","Off","Off","Off","Off","131.8","1","Off","Off","Off","Off","Off","Off","1",0,"Off","0","1","1","0","0","0","0","0"
"97","Vancouver","146.8800","146.2800","A-Analog","Turbo","25K","Off","100.0","Contact1","Group Call","12345678","My Radio","Off","Carrier","Off","1","1","1","Off","1","1","None","Group List 1","Off","Off","Off","Off","Normal Encryption","Off","Off","Off","Off","131.8","1","Off","Off","Off","Off","Off","Off","1",0,"Off","0","1","1","0","0","0","0","0"
"98","Vancouver","443.4250","448.4250","A-Analog","Turbo","25K","Off","","Contact1","Group Call","12345678","My Radio","Off","Carrier","Off","1","1","1","Off","1","1","None","Group List 1","Off","Off","Off","Off","Normal Encryption","Off","Off","Off","Off","131.8","1","Off","Off","Off","Off","Off","Off","1",0,"Off","0","1","1","0","0","0","0","0"
"99","Vancouver","145.0900","145.6900","A-Analog","Turbo","25K","Off","","Contact1","Group Call","12345678","My Radio","Off","Carrier","Off","1","1","1","Off","1","1","None","Group List 1","Off","Off","Off","Off","Normal Encryption","Off","Off","Off","Off","131.8","1","Off","Off","Off","Off","Off","Off","1",0,"Off","0","1","1","0","0","0","0","0"
"100","Chilliwack","443.3750","448.3750","A-Analog","Turbo","25K","Off","","Contact1","Group Call","12345678","My Radio","Off","Carrier","Off","1","1","1","Off","1","1","None","Group List 1","Off","Off","Off","Off","Normal Encryption","Off","Off","Off","Off","131.8","1","Off","Off","Off","Off","Off","Off","1",0,"Off","0","1","1","0","0","0","0","0"
"4001","Channel VFO A","140.00000","140.00000","A-Analog","Turbo","25K","Off","Off","Contact1","Group Call","12345678","My Radio","Off","Carrier","Off","1","1","1","Off","1","1","None","Group List 1","Off","Off","Off","Off","Normal Encryption","Off","Off","Off","Off","131.8","1","Off","Off","Off","Off","Off","Off","1","0","Off","0","1","1","0","0","0","0","0"
"4002","Channel VFO B","145.12500","145.12500","D-Digital","Turbo","25K","Off","Off","Contact1","Group Call","12345678","My Radio","Always","Carrier","Off","1","1","1","Off","1","1","None","Group List 1","Off","Off","Off","Off","Normal Encryption","Off","Off","Off","Off","131.8","1","Off","Off","Off","Off","Off","Off","1","0","Off","0","1","1","0","0","0","0","0"